{
  "okato": "11111111111",
  "mobileSvyaz": false,
  "verified": true,
  "mobileOperator": "5a0ddc60-a926-11e9-a97a-9ffc9e629206",
  "dateCreate": "2019-07-18T06:36:22.055Z",
  "dateModified": "2019-07-18T06:37:31.835Z",
  "id": "5b811b70-a926-11e9-a97a-9ffc9e629206",
  "typeTks": [],
  "mobileStandart": [
    "00930fc0-a926-11e9-a97a-9ffc9e629206",
    "03706620-a926-11e9-a97a-9ffc9e629206"
  ],
  "mobileInternet": "false",
  "_class": "mobile@telecom-en",
  "_classVer": "",
  "_creator": "admin@local",
  "supOktmoMobile": "",
  "___workflowStatus": {}
}