{
  "id": "0af78dff49318881724f5112",
  "typeTerr": "nas",
  "centNasPunkt": "08203000002",
  "managers": [
    "eafdb05bc473073cd7087f40",
    "0a431440b5c6b148166374ec",
    "0b97fd1ad678d14b49d1088b"
  ],
  "geo": {
    "type": "Point",
    "coordinates": [
      140.85854,
      53.114298
    ]
  },
  "dateModified": "2019-05-23T07:01:40.174Z",
  "address": "524a9c20-7857-11e9-b6ad-abb5a581bcef",
  "urlweb": "http://adm.ru/",
  "dateCreate": "2019-05-22T23:08:52.592Z",
  "_class": "adminTerritory@telecom-ru",
  "_classVer": "",
  "_editor": "admin@local",
  "adminTerrFormula": "Населенного пункта: г Хабаровск. \nАдрес: , г. Хабаровск, Ленина, 185, . ",
  "managerFormula": "Коммерческий директор компании: Ким Иван (), Директор филиала ПАО \"МТС\": Иванов Сергей Григорьевич ((4212) 777777 доб. 00001)",
  "___workflowStatus": {}
}