{
  "id": "000a2516d532a2b4d1c2a704",
  "typeTerr": "nas",
  "centNasPunkt": "08203000003",
  "managers": [
    "ec527b56c33a3aecfb949cdc"
  ],
  "geo": {
    "type": "Point",
    "coordinates": [
      135.812515,
      54.533085
    ]
  },
  "dateModified": "2019-05-21T00:49:02.395Z",
  "address": "acd535a0-7858-11e9-b6ad-abb5a581bcef",
  "dateCreate": "2019-05-22T23:08:52.489Z",
  "_class": "adminTerritory@telecom-ru",
  "_classVer": "",
  "_editor": "admin@local",
  "adminTerrFormula": "Населенного пункта: с Аян. \nАдрес: Аяно-майский, с. Аян, Ленина, 1-2, . ",
  "managerFormula": "",
  "___workflowStatus": {}
}