{
  "id": "d7ad79e5d19007c50a7092b0",
  "operator": [
    "f60cd3c70114e4f4251bbd19",
    "0e211f11414c6264b6a45a94"
  ],
  "typeTKS": "2e9d5fbcdfe131722895cce8",
  "zonalnost": "mag",
  "volum": "",
  "geoobject": {
    "type": "FeatureCollection",
    "features": [
      {
        "type": "Feature",
        "properties": {},
        "options": {
          "strokeColor": "#000000",
          "strokeOpacity": 1,
          "strokeWidth": 4
        },
        "geometry": {
          "type": "LineString",
          "coordinates": [
            [
              135.1042922592163,
              48.49608807783183
            ],
            [
              135.16197048187254,
              48.509777223507534
            ]
          ]
        }
      }
    ]
  },
  "_class": "canals@telecom-ru",
  "_classVer": "",
  "___workflowStatus": {}
}