{
  "clas": "1",
  "clasific": "1. не менее 1 ОПС в административном центре, вне зависимости от численности жителей; 2. не менее 1 ОПС на каждые 500 тысяч человек, но не менее 1 ОПС на город с населением 250 тысяч человек и более вне зависимости от статуса города как административного центра субъекта; 3. при необходимости в городе с населением от 100 тысяч до 250 тысяч человек.",
  "rabota": "7 дней в неделю, пн-пт 08:00-22:00, сб-вс 09:00-18:00 без перерыва",
  "uslugi": "Оказывает все виды почтовых и финансовых услуг",
  "_class": "charactosp@telecom-ru",
  "_classVer": "",
  "_editor": "admin@local",
  "___workflowStatus": {}
}