{
  "clas": "2",
  "clasific": "1. не менее 1 ОПС на 1 внутригородской район (округ - при отсутствии внутригородских районов), но не менее 1 ОПС на город с населением 100 тысяч и более человек, вне зависимости от статуса города как административного центра; 2. не менее 1 ОПС в городе или поселке городского типа с населением от 10 тысяч до 100 тысяч человек при наличии Почтамта в данном населенном пункте; 3. при необходимости в городе или поселке городского типа с населением от 500 до 10 тысяч человек; 4. не менее 1 ОПС в сельском населенном пункте с населением 20 тысяч и более человек.",
  "rabota": "работает 7 дней в неделю, пн-пт 08:00-20:00, сб-вс 09:00-18:00 без перерыва.",
  "uslugi": "Оказывает все виды почтовых и финансовых услуг",
  "_class": "charactosp@telecom-ru",
  "_classVer": "",
  "_editor": "admin@local",
  "___workflowStatus": {}
}