{
  "connected": false,
  "type": "9d845a30-7859-11e9-b6ad-abb5a581bcef",
  "state": null,
  "okato": "08203000003",
  "rtrs": null,
  "name": "МОУ СОШ № 55",
  "address": "0dd01040-785a-11e9-b6ad-abb5a581bcef",
  "dateModified": "2019-05-17T04:15:10.666Z",
  "id": "1294c440-785a-11e9-b6ad-abb5a581bcef",
  "managers": [
    "4f242770-785a-11e9-b6ad-abb5a581bcef"
  ],
  "_class": "educationOrg@telecom-ru",
  "_classVer": "",
  "_creator": "admin@local",
  "managerFormula": "Директор: Мишина Мария Михайловна (55-5-55)",
  "geo": {
    "type": "Point",
    "coordinates": [
      138.176234,
      56.460517
    ]
  },
  "students": 523,
  "_editor": "admin@local",
  "___workflowStatus": {}
}