{
  "connected": false,
  "type": "9d845a30-7859-11e9-b6ad-abb5a581bcef",
  "state": null,
  "okato": "08203000002",
  "rtrs": null,
  "name": "Образовательное учреждение № 3",
  "address": "afd0ccf0-7859-11e9-b6ad-abb5a581bcef",
  "dateModified": "2019-05-17T04:11:22.970Z",
  "id": "bec75df0-7859-11e9-b6ad-abb5a581bcef",
  "managers": [],
  "_class": "educationOrg@telecom-ru",
  "_classVer": "",
  "_creator": "admin@local",
  "managerFormula": "",
  "students": 980,
  "geo": {
    "type": "Point",
    "coordinates": [
      135.071917,
      48.480223
    ]
  },
  "_editor": "admin@local",
  "___workflowStatus": {}
}