{
  "other": "a2156d20-782f-11e9-b6ad-abb5a581bcef",
  "verified": true,
  "operator": "0e211f11414c6264b6a45a94",
  "adress": "г Хабаровск, ул. Заозерная 45",
  "geo": {
    "type": "Point",
    "coordinates": [
      135.067605,
      48.50237
    ]
  },
  "dateCreate": "2019-05-22T23:08:57.282Z",
  "dateModified": "2019-05-16T23:10:56.672Z",
  "id": "b20f3d50-782f-11e9-b6ad-abb5a581bcef",
  "_class": "infomat@telecom-ru",
  "_classVer": "",
  "_creator": "admin@local",
  "___workflowStatus": {}
}