{
  "okato": "08203000002",
  "magistral": false,
  "verified": true,
  "operatorwww": "0adde540-784d-11e9-b6ad-abb5a581bcef",
  "tech": "8963",
  "dateCreate": "2019-05-22T23:08:58.381Z",
  "dateModified": "2019-05-21T01:01:31.315Z",
  "id": "f3d0b1b0-7b63-11e9-9c4c-839052ae79a0",
  "typeShpd": [
    "aab5c218aa9babea4a0435bc"
  ],
  "typeTKS": [
    "73c54e50-782e-11e9-b6ad-abb5a581bcef"
  ],
  "_class": "internet@telecom-ru",
  "_classVer": "",
  "_creator": "admin@local",
  "___workflowStatus": {}
}