{
  "id": "0b97fd1ad678d14b49d1088b",
  "fio": "Иванов Петр Васильевич",
  "pos": "Директор филиала",
  "tel": "(4212) 777777 доб. 00001",
  "telMobile": "8-999-999-9999",
  "email": "test@test.ru",
  "fax": "",
  "dateModified": "2019-05-23T06:58:54.079Z",
  "dateCreate": "2019-05-22T23:09:11.385Z",
  "_class": "manager@telecom-ru",
  "_classVer": "",
  "_editor": "admin@local",
  "fioPosTel": "Директор филиала: Иванов Петр Васильевич ((4212) 777777 доб. 00001)",
  "___workflowStatus": {}
}