{
  "organizations": "1294c440-785a-11e9-b6ad-abb5a581bcef",
  "fio": "Мишина Мария Михайловна",
  "pos": "Директор",
  "tel": "55-5-55",
  "dateCreate": "2019-05-22T23:08:58.897Z",
  "dateModified": "2019-05-17T04:14:48.167Z",
  "id": "4f242770-785a-11e9-b6ad-abb5a581bcef",
  "_class": "manager@telecom-ru",
  "_classVer": "",
  "_creator": "admin@local",
  "fioPosTel": "Директор: Мишина Мария Михайловна (55-5-55)",
  "___workflowStatus": {}
}