{
  "id": "00ba4e650ba7e1162e91",
  "name": "КГБУЗ 'Туберкулезная больница' министерства здравоохранения Хабаровского края",
  "okato": "08401000000",
  "managers": [],
  "address": "524a9c20-7857-11e9-b6ad-abb5a581bcef",
  "geo": {
    "type": "Point",
    "coordinates": [
      135.10583,
      48.50472
    ]
  },
  "dateModified": "2019-05-23T07:40:58.881Z",
  "vedomstvenOwn": "Органы исполнительной власти в области здравоохранения субъектов Российской Федерации",
  "typeMedicalOrg": "1a08a2aa07f155883604",
  "_class": "medicalOrg@telecom-ru",
  "_classVer": "",
  "_editor": "admin@local",
  "managerFormula": "",
  "___workflowStatus": {}
}