{
  "schems": "[]",
  "name": "Больница №82",
  "address": "0dd01040-785a-11e9-b6ad-abb5a581bcef",
  "dateModified": "2019-05-21T01:00:06.670Z",
  "id": "a33689f0-7b63-11e9-9c4c-839052ae79a0",
  "managers": [
    "0a431440b5c6b148166374ec",
    "cd23c740-7858-11e9-b6ad-abb5a581bcef"
  ],
  "_class": "medicalOrg@telecom-ru",
  "_classVer": "",
  "_creator": "admin@local",
  "managerFormula": "Директор группы компании \"Маяк\": Верхов Вячеслав (), Директор: Андреев Андрей Андреевич (88-88-88)",
  "geo": {
    "type": "Point",
    "coordinates": [
      138.176234,
      56.460517
    ]
  },
  "vedomstvenOwn": "медицинская организация",
  "typeMedicalOrg": "b95eb040-7b63-11e9-9c4c-839052ae79a0",
  "_editor": "admin@local",
  "___workflowStatus": {}
}