{
  "id": "00a2c6cf613c8744f0b0",
  "name": "КГБУЗ 'Детская городская клиническая больница № 9'",
  "okato": "08401000000",
  "managers": [],
  "address": "0a4a27f0-266c-a992-ab0b-5f80ec4715a4",
  "geo": {
    "type": "Point",
    "coordinates": [
      135.09889,
      48.4
    ]
  },
  "dateModified": "2019-05-23T07:39:43.370Z",
  "vedomstvenOwn": "Органы исполнительной власти в области здравоохранения субъектов Российской Федерации",
  "typeMedicalOrg": "b95eb040-7b63-11e9-9c4c-839052ae79a0",
  "_class": "medicalOrg@telecom-ru",
  "_classVer": "",
  "_editor": "admin@local",
  "managerFormula": "",
  "___workflowStatus": {}
}