{
  "okato": "08203000002",
  "mobileSvyaz": true,
  "verified": true,
  "mobileOperator": "23ab5640-7832-11e9-b6ad-abb5a581bcef",
  "dateCreate": "2019-05-16T23:27:31.664Z",
  "dateModified": "2019-05-23T06:54:41.682Z",
  "id": "2d628500-7832-11e9-b6ad-abb5a581bcef",
  "typeTks": [],
  "mobileStandart": [],
  "mobileInternet": false,
  "_class": "mobile@telecom-ru",
  "_classVer": "",
  "_creator": "admin@local",
  "supOktmoMobile": "Амурский муниципальный район",
  "_editor": "admin@local",
  "___workflowStatus": {}
}