{
  "okato": "08203000003",
  "mobileSvyaz": true,
  "verified": true,
  "mobileOperator": "44836330-7832-11e9-b6ad-abb5a581bcef",
  "dateCreate": "2019-05-17T03:50:37.663Z",
  "dateModified": "2019-05-23T07:02:42.976Z",
  "id": "ee92f600-7856-11e9-b6ad-abb5a581bcef",
  "typeTks": [],
  "mobileStandart": [],
  "mobileInternet": false,
  "_class": "mobile@telecom-ru",
  "_classVer": "",
  "_creator": "admin@local",
  "supOktmoMobile": "Амурский муниципальный район",
  "_editor": "admin@local",
  "___workflowStatus": {}
}