{
  "okato": "08203000003",
  "mobileSvyaz": false,
  "verified": true,
  "mobileOperator": "23ab5640-7832-11e9-b6ad-abb5a581bcef",
  "dateCreate": "2019-05-17T03:50:29.164Z",
  "dateModified": "2019-05-17T03:50:59.274Z",
  "id": "e981f6c0-7856-11e9-b6ad-abb5a581bcef",
  "typeTks": [],
  "mobileStandart": [
    "3a415b03a1dbe1307e7aa775"
  ],
  "mobileInternet": false,
  "_class": "mobile@telecom-ru",
  "_classVer": "",
  "_creator": "admin@local",
  "supOktmoMobile": "Амурский муниципальный район",
  "___workflowStatus": {}
}