{
  "okato": "08203000003",
  "mobileSvyaz": false,
  "verified": true,
  "mobileOperator": "f92bf910-7831-11e9-b6ad-abb5a581bcef",
  "dateCreate": "2019-05-17T02:41:05.666Z",
  "dateModified": "2019-05-17T02:48:27.864Z",
  "id": "37de9620-784d-11e9-b6ad-abb5a581bcef",
  "typeTks": [
    "dd0db260-782b-11e9-b6ad-abb5a581bcef"
  ],
  "mobileStandart": [
    "3a415b03a1dbe1307e7aa775"
  ],
  "mobileInternet": false,
  "_class": "mobile@telecom-ru",
  "_classVer": "",
  "_creator": "admin@local",
  "supOktmoMobile": "Амурский муниципальный район",
  "___workflowStatus": {}
}