{
  "okato": "08203000002",
  "mobileSvyaz": false,
  "verified": true,
  "mobileOperator": "f92bf910-7831-11e9-b6ad-abb5a581bcef",
  "dateCreate": "2019-05-16T23:26:06.166Z",
  "dateModified": "2019-05-16T23:26:20.080Z",
  "id": "fa6c8f60-7831-11e9-b6ad-abb5a581bcef",
  "typeTks": [],
  "mobileStandart": [
    "3a415b03a1dbe1307e7aa775"
  ],
  "mobileInternet": false,
  "_class": "mobile@telecom-ru",
  "_classVer": "",
  "_creator": "admin@local",
  "supOktmoMobile": "Амурский муниципальный район",
  "___workflowStatus": {}
}