{
  "okato": "08203000002",
  "mobileSvyaz": false,
  "verified": true,
  "mobileOperator": "44836330-7832-11e9-b6ad-abb5a581bcef",
  "dateCreate": "2019-05-16T23:28:15.064Z",
  "dateModified": "2019-05-16T23:29:37.171Z",
  "id": "4740d580-7832-11e9-b6ad-abb5a581bcef",
  "typeTks": [],
  "mobileStandart": [
    "3a415b03a1dbe1307e7aa775"
  ],
  "mobileInternet": false,
  "_class": "mobile@telecom-ru",
  "_classVer": "",
  "_creator": "admin@local",
  "supOktmoMobile": "Амурский муниципальный район",
  "_editor": "admin@local",
  "___workflowStatus": {}
}