{
  "okato": "08203000003",
  "oktmo": "08603405106",
  "name": "с Аян",
  "supOktmo": "08603000",
  "type": [
    "1dd9052a356db07fcb6ad966"
  ],
  "adminNasPunkt": "000a2516d532a2b4d1c2a704",
  "primechanie": "",
  "rainCentr": false,
  "geocoord": {
    "type": "Point",
    "coordinates": [
      138.176234,
      56.460517
    ]
  },
  "need": "Требуется улучшение качества сотовой связи",
  "_class": "naselenniyPunkt@telecom-ru",
  "_classVer": "",
  "_editor": "admin@local",
  "managerAdministration": "",
  "administration": "Населенного пункта: с Аян. \nАдрес: Аяно-майский, с. Аян, Ленина, 1-2, . ",
  "___workflowStatus": {}
}