{
  "okato": "08203000002",
  "oktmo": "08603410101",
  "name": "г Хабаровск",
  "supOktmo": null,
  "type": [
    "1dd9052a356db07fcb6ad966"
  ],
  "geocoord": {
    "type": "Point",
    "coordinates": [
      135.071917,
      48.480223
    ]
  },
  "adminNasPunkt": null,
  "primechanie": "",
  "rainCentr": true,
  "_class": "naselenniyPunkt@telecom-ru",
  "_classVer": "",
  "managerAdministration": "",
  "administration": null,
  "_editor": "admin@local",
  "___workflowStatus": {}
}