{
  "logVremRezhim": false,
  "schems": "[]",
  "gops": "mini",
  "class": "2",
  "pochtamp": "4c41e120-7830-11e9-b6ad-abb5a581bcef",
  "inOps": null,
  "postIndex": 896356,
  "name": "Отделение почтовой связи",
  "dateModif": "2019-05-16T23:16:00.667Z",
  "id": "35120ed0-7830-11e9-b6ad-abb5a581bcef",
  "naselenniyPunkt": [
    "08203000002"
  ],
  "_class": "ops@telecom-ru",
  "_classVer": "",
  "_creator": "admin@local",
  "_editor": "admin@local",
  "tel": "8 (4212) 696969",
  "rezhim": {
    "description": "Недельное расписание",
    "item": "",
    "occurs": [
      {
        "weekday": 1,
        "duration": 32400,
        "hour": 9,
        "minute": 0
      },
      {
        "weekday": 2,
        "duration": 32400,
        "hour": 9,
        "minute": 0
      },
      {
        "weekday": 3,
        "duration": 32400,
        "hour": 9,
        "minute": 0
      },
      {
        "weekday": 4,
        "duration": 32400,
        "hour": 9,
        "minute": 0
      },
      {
        "weekday": 5,
        "duration": 32400,
        "hour": 9,
        "minute": 0
      }
    ],
    "skipped": [
      {
        "weekday": 1,
        "hour": 13,
        "minute": 0,
        "duration": 3600
      },
      {
        "weekday": 2,
        "hour": 13,
        "minute": 0,
        "duration": 3600
      },
      {
        "weekday": 3,
        "hour": 13,
        "minute": 0,
        "duration": 3600
      },
      {
        "weekday": 4,
        "hour": 13,
        "minute": 0,
        "duration": 3600
      },
      {
        "weekday": 5,
        "hour": 13,
        "minute": 0,
        "duration": 3600
      }
    ]
  },
  "personal": "12",
  "adress": "г Хабаровск ул. Ленина 35",
  "geocoord": {
    "type": "Point",
    "coordinates": [
      135.077316,
      48.473169
    ]
  },
  "___workflowStatus": {}
}