{
  "id": "0b02a2ea-a734-4f71-ab61-5041a6b1517d",
  "postIndex": 682571,
  "name": "Аян",
  "class": "4",
  "gops": "b",
  "pochtamp": "1d6bad6d9e8464b2c8f50005",
  "dateModif": "2017-06-16T00:40:28.459Z",
  "naselenniyPunkt": [
    "08206000001"
  ],
  "logVremRezhim": false,
  "personal": "6",
  "tel": "(42147)21142",
  "adress": "Хабаровский край, с Аян, ул. Советская, 17",
  "primechanie": "",
  "geocoord": {
    "type": "Point",
    "coordinates": [
      138.179665,
      56.461665
    ]
  },
  "rezhim": {
    "description": "Недельное расписание",
    "occurs": [
      {
        "weekday": 2,
        "duration": 32400,
        "hour": "09",
        "minute": "00"
      },
      {
        "weekday": 3,
        "duration": 32400,
        "hour": "09",
        "minute": "00"
      },
      {
        "weekday": 4,
        "duration": 32400,
        "hour": "09",
        "minute": "00"
      },
      {
        "weekday": 5,
        "duration": 32400,
        "hour": "09",
        "minute": "00"
      },
      {
        "weekday": 6,
        "duration": 32400,
        "hour": "09",
        "minute": "00"
      }
    ],
    "skipped": [
      {
        "weekday": 2,
        "hour": "13",
        "minute": "00",
        "duration": 3600
      },
      {
        "weekday": 3,
        "hour": "13",
        "minute": "00",
        "duration": 3600
      },
      {
        "weekday": 4,
        "hour": "13",
        "minute": "00",
        "duration": 3600
      },
      {
        "weekday": 5,
        "hour": "13",
        "minute": "00",
        "duration": 3600
      },
      {
        "weekday": 6,
        "hour": "13",
        "minute": "00",
        "duration": 3600
      }
    ]
  },
  "_class": "ops@telecom-ru",
  "_classVer": "",
  "___workflowStatus": {}
}