{
  "logVremRezhim": false,
  "schems": "[]",
  "gops": "a",
  "class": "1",
  "pochtamp": "4c41e120-7830-11e9-b6ad-abb5a581bcef",
  "inOps": null,
  "postIndex": 8604811,
  "name": "Отделение почтовой связи",
  "adress": "с. Аян, ул. Ленина 33",
  "geocoord": {
    "type": "Point",
    "coordinates": [
      138.176234,
      56.460517
    ]
  },
  "dateModif": "2019-05-17T02:48:23.768Z",
  "id": "14d29cc0-784e-11e9-b6ad-abb5a581bcef",
  "naselenniyPunkt": [
    "08203000003"
  ],
  "_class": "ops@telecom-ru",
  "_classVer": "",
  "_creator": "admin@local",
  "tel": "(4218)11-1-12",
  "rezhim": {
    "description": "Недельное расписание",
    "item": "",
    "occurs": [
      {
        "weekday": 1,
        "duration": 28800,
        "hour": 9,
        "minute": 0
      },
      {
        "weekday": 2,
        "duration": 28800,
        "hour": 9,
        "minute": 0
      },
      {
        "weekday": 3,
        "duration": 28800,
        "hour": 9,
        "minute": 0
      },
      {
        "weekday": 4,
        "duration": 28800,
        "hour": 9,
        "minute": 0
      },
      {
        "weekday": 5,
        "duration": 28800,
        "hour": 9,
        "minute": 0
      }
    ],
    "skipped": [
      {
        "weekday": 1,
        "hour": 12,
        "minute": 0,
        "duration": 3600
      },
      {
        "weekday": 2,
        "hour": 12,
        "minute": 0,
        "duration": 3600
      },
      {
        "weekday": 3,
        "hour": 12,
        "minute": 0,
        "duration": 3600
      },
      {
        "weekday": 4,
        "hour": 12,
        "minute": 0,
        "duration": 3600
      },
      {
        "weekday": 5,
        "hour": 12,
        "minute": 0,
        "duration": 3600
      }
    ]
  },
  "personal": "5",
  "_editor": "admin@local",
  "___workflowStatus": {}
}