{
  "schems": "[]",
  "name": "Структурное подразделение",
  "address": "г Хабаровск ул. Клубная 256",
  "id": "4c41e120-7830-11e9-b6ad-abb5a581bcef",
  "raionObslu": [],
  "_class": "pochtamt@telecom-ru",
  "_classVer": "",
  "_creator": "admin@local",
  "kolStatOps": 0,
  "kolPerOps": 0,
  "terrObslu": "",
  "geo": {
    "type": "Point",
    "coordinates": [
      135.130613,
      48.435608
    ]
  },
  "_editor": "admin@local",
  "___workflowStatus": {}
}