{
  "okato": "08203000002",
  "verified": true,
  "operator": "0adde540-784d-11e9-b6ad-abb5a581bcef",
  "stacionSvyaz": "a",
  "dateCreate": "2019-05-22T23:09:04.687Z",
  "dateModified": "2019-05-21T01:01:30.987Z",
  "id": "e3b7c0c0-7b63-11e9-9c4c-839052ae79a0",
  "typeTks": [
    "dd0db260-782b-11e9-b6ad-abb5a581bcef"
  ],
  "_class": "statsionar@telecom-ru",
  "_classVer": "",
  "_creator": "admin@local",
  "chislennostStation": "589000",
  "supOktmoStation": "Амурский муниципальный район",
  "___workflowStatus": {}
}