{
  "okato": "08203000003",
  "verified": true,
  "operator": "0e211f11414c6264b6a45a94",
  "stacionSvyaz": "b",
  "dateCreate": "2019-05-22T23:09:04.972Z",
  "dateModified": "2019-05-17T02:39:19.273Z",
  "id": "eb27ea20-784c-11e9-b6ad-abb5a581bcef",
  "typeTks": [
    "73c54e50-782e-11e9-b6ad-abb5a581bcef"
  ],
  "_class": "statsionar@telecom-ru",
  "_classVer": "",
  "_creator": "admin@local",
  "chislennostStation": "",
  "supOktmoStation": "",
  "clients": 2000,
  "_editor": "admin@local",
  "___workflowStatus": {}
}