{
  "other": "a2156d20-782f-11e9-b6ad-abb5a581bcef",
  "verified": true,
  "operator": "0e211f11414c6264b6a45a94",
  "nomer": "89635698",
  "adress": "г Хабаровск ул. Заозерная 234",
  "geo": {
    "type": "Point",
    "coordinates": [
      135.072052,
      48.501654
    ]
  },
  "dateCreate": "2019-05-22T23:09:06.166Z",
  "dateModified": "2019-05-16T23:10:57.771Z",
  "id": "d7d928c0-782f-11e9-b6ad-abb5a581bcef",
  "_class": "taksofon@telecom-ru",
  "_classVer": "",
  "_creator": "admin@local",
  "___workflowStatus": {}
}