{
  "other": "a2156d20-782f-11e9-b6ad-abb5a581bcef",
  "verified": true,
  "operator": "0e211f11414c6264b6a45a94",
  "adress": "г Хабаровск, ул. Заозерная 23",
  "geo": {
    "type": "Point",
    "coordinates": [
      135.072465,
      48.501397
    ]
  },
  "dateCreate": "2019-05-22T23:09:10.988Z",
  "dateModified": "2019-05-16T23:09:19.277Z",
  "id": "6fa8cbc0-782f-11e9-b6ad-abb5a581bcef",
  "_class": "wifi@telecom-ru",
  "_classVer": "",
  "_creator": "admin@local",
  "___workflowStatus": {}
}